Jonathan Giovanni,Soto Munoz,jsoto@uabcs.mx,yona1213,
Christian,Rodriguez Moreno,christian2_21@uabcs.mx,Christian221,
Admin,i,admin@uabcs.mx,1,
Alma Delia,Vargas Gonzalez,almadeliav_21@gmail.com,gatito1,
Andrea,Lucero Trasviña,alucero_21@alu.uabcs.mx,7deseptiembre,
Hazael,Flores Gastelum,hazaelf_21@alu.uabcs.mx,caradeburro,
